ts_code,trade_date,open,high,low,close,pre_close,change,pct_chg,vol,amount
300999.SZ,20231229,33.4,33.56,33.19,33.38,33.44,-0.06,-0.1794,51416.52,171544.887
300999.SZ,20231228,32.59,33.49,32.36,33.44,32.38,1.06,3.2736,73530.38,243156.461
300999.SZ,20231227,32.37,32.63,32.15,32.38,32.38,0.0,0.0,43300.09,140124.91
300999.SZ,20231226,32.52,32.58,32.18,32.38,32.49,-0.11,-0.3386,29287.29,94734.424
300999.SZ,20231225,32.25,32.54,32.24,32.49,32.34,0.15,0.4638,28979.05,93898.925
300999.SZ,20231222,32.48,32.68,32.06,32.34,32.46,-0.12,-0.3697,44682.61,144532.731
300999.SZ,20231221,32.0,32.55,31.94,32.46,32.08,0.38,1.1845,38204.0,123363.511
300999.SZ,20231220,32.51,32.64,32.06,32.08,32.51,-0.43,-1.3227,37049.5,119605.845
300999.SZ,20231219,32.31,32.64,32.26,32.51,32.4,0.11,0.3395,35495.51,115057.464
300999.SZ,20231218,32.32,32.59,32.12,32.4,32.42,-0.02,-0.0617,29878.97,96716.641
300999.SZ,20231215,32.5,32.98,32.39,32.42,32.52,-0.1,-0.3075,42619.16,138957.57
300999.SZ,20231214,32.98,33.04,32.51,32.52,32.71,-0.19,-0.5809,37808.02,123774.448
300999.SZ,20231213,33.37,33.42,32.68,32.71,33.48,-0.77,-2.2999,51075.46,168521.25
300999.SZ,20231212,33.6,33.74,33.35,33.48,33.69,-0.21,-0.6233,31873.0,106674.475
300999.SZ,20231211,33.2,33.78,32.41,33.69,33.47,0.22,0.6573,61098.0,202164.326
300999.SZ,20231208,33.2,33.65,33.2,33.47,33.3,0.17,0.5105,46305.35,154737.321
300999.SZ,20231207,33.51,33.54,33.15,33.3,33.44,-0.14,-0.4187,47758.0,159133.273
300999.SZ,20231206,33.1,33.84,33.1,33.44,33.18,0.26,0.7836,51764.71,173597.082
300999.SZ,20231205,33.5,33.75,33.17,33.18,33.51,-0.33,-0.9848,59437.84,199173.473
300999.SZ,20231204,33.9,33.91,33.22,33.51,33.76,-0.25,-0.7405,72348.0,242274.839
300999.SZ,20231201,34.81,34.83,33.5,33.76,34.91,-1.15,-3.2942,111060.83,375993.051
300999.SZ,20231130,34.65,34.98,34.3,34.91,34.56,0.35,1.0127,61251.13,212802.341
300999.SZ,20231129,34.9,34.95,34.45,34.56,34.84,-0.28,-0.8037,35470.55,122742.624
300999.SZ,20231128,34.48,34.89,34.35,34.84,34.54,0.3,0.8686,43853.95,152134.263
300999.SZ,20231127,35.19,35.22,34.32,34.54,35.18,-0.64,-1.8192,78598.64,271855.316
300999.SZ,20231124,35.09,35.36,34.85,35.18,35.09,0.09,0.2565,51334.69,180225.207
300999.SZ,20231123,35.07,35.24,34.73,35.09,35.13,-0.04,-0.1139,40679.1,142116.718
300999.SZ,20231122,35.03,35.44,35.02,35.13,35.21,-0.08,-0.2272,53645.0,189180.515
300999.SZ,20231121,35.1,35.45,35.01,35.21,35.01,0.2,0.5713,65577.77,231272.902
300999.SZ,20231120,34.53,35.03,34.43,35.01,34.5,0.51,1.4783,40890.36,142274.316
300999.SZ,20231117,34.57,34.68,34.3,34.5,34.65,-0.15,-0.4329,34805.0,119937.487
300999.SZ,20231116,35.1,35.27,34.61,34.65,35.24,-0.59,-1.6742,40379.25,140859.547
300999.SZ,20231115,34.9,35.35,34.85,35.24,34.69,0.55,1.5855,79223.96,278576.713
300999.SZ,20231114,34.5,34.82,34.48,34.69,34.55,0.14,0.4052,35352.28,122496.556
300999.SZ,20231113,34.8,34.94,34.4,34.55,34.71,-0.16,-0.461,43276.69,149671.11
300999.SZ,20231110,34.78,34.83,34.5,34.71,34.83,-0.12,-0.3445,49817.94,172709.163
300999.SZ,20231109,34.9,35.15,34.8,34.83,34.99,-0.16,-0.4573,39453.84,138078.199
300999.SZ,20231108,35.1,35.25,34.74,34.99,35.09,-0.1,-0.285,47365.75,165785.558
300999.SZ,20231107,34.96,35.18,34.71,35.09,35.0,0.09,0.2571,53184.75,186000.253
300999.SZ,20231106,34.99,35.17,34.81,35.0,34.85,0.15,0.4304,63591.67,222238.892
300999.SZ,20231103,34.58,35.03,34.51,34.85,34.65,0.2,0.5772,66711.54,232109.121
300999.SZ,20231102,35.0,35.26,34.6,34.65,34.97,-0.32,-0.9151,59979.53,209496.243
300999.SZ,20231101,35.0,35.13,34.83,34.97,35.0,-0.03,-0.0857,67775.88,237224.312
300999.SZ,20231031,34.41,35.07,34.35,35.0,34.55,0.45,1.3025,94294.48,328792.166
300999.SZ,20231030,34.15,34.82,34.11,34.55,34.49,0.06,0.174,95514.26,330116.303
300999.SZ,20231027,33.43,34.54,33.3,34.49,32.82,1.67,5.0884,162035.83,553082.372
300999.SZ,20231026,32.33,32.88,32.14,32.82,32.51,0.31,0.9536,55729.5,180953.28
300999.SZ,20231025,32.05,32.61,31.8,32.51,31.72,0.79,2.4905,71796.8,232244.434
300999.SZ,20231024,31.46,31.8,31.06,31.72,31.34,0.38,1.2125,52642.0,165592.801
300999.SZ,20231023,32.04,32.08,31.11,31.34,32.11,-0.77,-2.398,59692.96,188287.268
300999.SZ,20231020,32.21,32.44,32.04,32.11,32.27,-0.16,-0.4958,45062.0,145076.086
300999.SZ,20231019,32.58,32.79,32.27,32.27,32.8,-0.53,-1.6159,52399.0,170395.154
300999.SZ,20231018,33.4,33.4,32.78,32.8,33.48,-0.68,-2.0311,55831.58,184508.362
300999.SZ,20231017,33.67,33.8,33.44,33.48,33.67,-0.19,-0.5643,40614.44,136411.651
300999.SZ,20231016,34.22,34.24,33.6,33.67,34.16,-0.49,-1.4344,50721.99,171407.807
300999.SZ,20231013,34.59,34.62,34.06,34.16,34.78,-0.62,-1.7826,48430.0,166019.26
300999.SZ,20231012,34.88,35.19,34.64,34.78,34.49,0.29,0.8408,71198.06,248732.715
300999.SZ,20231011,34.53,34.74,34.28,34.49,34.35,0.14,0.4076,43239.87,149334.94
300999.SZ,20231010,34.54,34.87,34.27,34.35,34.26,0.09,0.2627,44771.8,154535.515
300999.SZ,20231009,34.34,34.38,33.74,34.26,34.38,-0.12,-0.349,54815.0,186562.357
300999.SZ,20230928,34.73,34.8,34.28,34.38,34.58,-0.2,-0.5784,51246.42,176334.269
300999.SZ,20230927,34.66,34.97,34.53,34.58,34.59,-0.01,-0.0289,36645.13,127215.713
300999.SZ,20230926,34.93,35.02,34.56,34.59,34.94,-0.35,-1.0017,33290.0,115577.555
300999.SZ,20230925,35.41,35.44,34.88,34.94,35.31,-0.37,-1.0479,35311.01,123674.458
300999.SZ,20230922,34.47,35.35,34.32,35.31,34.59,0.72,2.0815,53198.29,185819.819
300999.SZ,20230921,35.07,35.19,34.56,34.59,35.17,-0.58,-1.6491,44272.9,154185.198
300999.SZ,20230920,35.1,35.32,34.93,35.17,35.06,0.11,0.3137,29810.42,104835.843
300999.SZ,20230919,35.31,35.35,34.9,35.06,35.35,-0.29,-0.8204,35385.05,123977.35
300999.SZ,20230918,35.01,35.45,34.82,35.35,35.19,0.16,0.4547,38019.67,134010.724
300999.SZ,20230915,35.13,35.34,34.9,35.19,35.1,0.09,0.2564,45543.69,160002.762
300999.SZ,20230914,35.18,35.34,34.9,35.1,35.32,-0.22,-0.6229,41909.55,147045.113
300999.SZ,20230913,35.64,35.74,35.25,35.32,35.51,-0.19,-0.5351,42688.38,151399.93
300999.SZ,20230912,35.45,35.73,35.37,35.51,35.5,0.01,0.0282,32982.45,117182.529
300999.SZ,20230911,35.09,35.6,34.83,35.5,35.02,0.48,1.3706,42471.36,149950.313
300999.SZ,20230908,35.02,35.25,34.98,35.02,35.13,-0.11,-0.3131,30738.47,107851.254
300999.SZ,20230907,35.66,35.73,35.1,35.13,35.72,-0.59,-1.6517,54714.56,193424.651
300999.SZ,20230906,35.71,35.85,35.57,35.72,35.85,-0.13,-0.3626,33611.04,119959.194
300999.SZ,20230905,35.81,35.94,35.63,35.85,35.93,-0.08,-0.2227,39162.87,140145.629
300999.SZ,20230904,36.0,36.09,35.65,35.93,35.86,0.07,0.1952,51168.08,183689.288
300999.SZ,20230901,35.66,36.08,35.6,35.86,35.66,0.2,0.5609,43352.47,155231.348
300999.SZ,20230831,35.51,35.68,35.28,35.66,35.55,0.11,0.3094,42773.17,151938.755
300999.SZ,20230830,35.69,35.98,35.55,35.55,35.68,-0.13,-0.3643,59347.7,212040.862
300999.SZ,20230829,34.93,35.77,34.93,35.68,35.13,0.55,1.5656,60331.18,213985.604
300999.SZ,20230828,36.42,36.66,34.9,35.13,34.82,0.31,0.8903,102782.84,366552.233
300999.SZ,20230825,34.66,35.14,34.52,34.82,34.79,0.03,0.0862,60334.65,210336.206
300999.SZ,20230824,34.61,34.97,34.47,34.79,34.48,0.31,0.8991,57486.72,199845.038
300999.SZ,20230823,34.89,35.09,34.43,34.48,35.14,-0.66,-1.8782,60431.07,209639.524
300999.SZ,20230822,35.23,35.41,34.4,35.14,35.24,-0.1,-0.2838,85294.64,297695.735
300999.SZ,20230821,35.65,35.81,35.23,35.24,35.64,-0.4,-1.1223,62663.07,222176.423
300999.SZ,20230818,36.15,36.26,35.64,35.64,36.28,-0.64,-1.7641,68281.28,245297.98
300999.SZ,20230817,35.82,36.34,35.74,36.28,36.12,0.16,0.443,69361.21,249999.81
300999.SZ,20230816,35.9,36.2,35.54,36.12,36.12,0.0,0.0,89042.82,320104.087
300999.SZ,20230815,36.72,36.88,36.0,36.12,37.04,-0.92,-2.4838,194492.29,704404.42
300999.SZ,20230814,38.99,38.99,36.6,37.04,41.2,-4.16,-10.0971,326013.77,1216892.054
300999.SZ,20230811,41.99,42.2,41.2,41.2,42.0,-0.8,-1.9048,55839.92,231978.375
300999.SZ,20230810,41.99,42.25,41.77,42.0,42.01,-0.01,-0.0238,43729.0,183382.878
300999.SZ,20230809,41.65,42.1,41.61,42.01,41.84,0.17,0.4063,46390.02,194430.128
300999.SZ,20230808,42.2,42.3,41.35,41.84,42.05,-0.21,-0.4994,60195.74,251172.422
300999.SZ,20230807,41.68,42.12,41.61,42.05,41.81,0.24,0.574,58300.09,244354.715
300999.SZ,20230804,42.16,42.36,41.75,41.81,41.95,-0.14,-0.3337,66010.52,277230.376
300999.SZ,20230803,41.65,42.01,41.5,41.95,41.67,0.28,0.6719,56237.14,235133.909
300999.SZ,20230802,41.89,42.05,41.5,41.67,42.13,-0.46,-1.0919,62734.08,261916.568
300999.SZ,20230801,42.14,42.5,41.92,42.13,42.1,0.03,0.0713,97026.86,409307.194
300999.SZ,20230731,41.84,42.42,41.81,42.1,41.67,0.43,1.0319,108486.26,456863.351
300999.SZ,20230728,40.88,41.8,40.85,41.67,41.1,0.57,1.3869,77878.43,323424.254
300999.SZ,20230727,41.09,41.47,41.0,41.1,41.1,0.0,0.0,60360.39,248809.112
300999.SZ,20230726,40.7,41.11,40.58,41.1,40.72,0.38,0.9332,67675.91,276982.106
300999.SZ,20230725,40.2,40.73,40.16,40.72,39.8,0.92,2.3116,87368.23,353983.237
300999.SZ,20230724,40.05,40.21,39.69,39.8,40.35,-0.55,-1.3631,55685.12,221967.825
300999.SZ,20230721,40.01,40.63,39.96,40.35,39.99,0.36,0.9002,60413.76,243871.491
300999.SZ,20230720,40.34,40.42,39.96,39.99,40.13,-0.14,-0.3489,38548.6,154813.067
300999.SZ,20230719,40.0,40.19,39.96,40.13,40.14,-0.01,-0.0249,28124.0,112665.933
300999.SZ,20230718,40.07,40.27,39.99,40.14,40.06,0.08,0.1997,38170.61,153144.602
300999.SZ,20230717,40.31,40.4,39.96,40.06,40.54,-0.48,-1.184,47959.7,192075.608
300999.SZ,20230714,40.84,40.89,40.42,40.54,40.76,-0.22,-0.5397,47169.86,191563.583
300999.SZ,20230713,40.49,40.84,40.43,40.76,40.3,0.46,1.1414,54396.44,221517.943
300999.SZ,20230712,40.8,40.86,40.21,40.3,40.73,-0.43,-1.0557,38050.0,154167.927
300999.SZ,20230711,40.29,40.84,40.23,40.73,40.25,0.48,1.1925,64228.37,260933.101
300999.SZ,20230710,40.05,40.4,40.02,40.25,40.02,0.23,0.5747,43707.71,175773.821
300999.SZ,20230707,40.01,40.38,39.88,40.02,40.23,-0.21,-0.522,38899.25,155917.651
300999.SZ,20230706,40.77,40.97,40.15,40.23,40.71,-0.48,-1.1791,54806.31,221808.079
300999.SZ,20230705,41.1,41.1,40.58,40.71,41.1,-0.39,-0.9489,37061.34,150866.436
300999.SZ,20230704,41.22,41.22,40.78,41.1,41.22,-0.12,-0.2911,42460.99,173986.966
300999.SZ,20230703,40.1,41.26,40.1,41.22,39.99,1.23,3.0758,83014.73,339750.427
300999.SZ,20230630,39.86,40.29,39.85,39.99,39.81,0.18,0.4521,35487.82,142276.449
300999.SZ,20230629,39.71,40.09,39.6,39.81,39.84,-0.03,-0.0753,35272.62,140706.369
300999.SZ,20230628,39.8,39.91,39.44,39.84,39.86,-0.02,-0.0502,32374.46,128468.53
300999.SZ,20230627,39.87,39.89,39.41,39.86,39.58,0.28,0.7074,40256.29,159908.36
300999.SZ,20230626,40.01,40.04,39.33,39.58,40.23,-0.65,-1.6157,52531.66,208359.326
300999.SZ,20230621,40.6,40.78,40.23,40.23,40.71,-0.48,-1.1791,41110.32,166265.866
300999.SZ,20230620,41.22,41.22,40.68,40.79,40.94,-0.15,-0.3664,37004.16,151212.45
300999.SZ,20230619,41.25,41.5,40.91,40.94,41.34,-0.4,-0.9676,47660.0,196177.198
300999.SZ,20230616,41.2,41.46,41.02,41.34,41.2,0.14,0.3398,54395.01,224489.842
300999.SZ,20230615,40.9,41.2,40.6,41.2,40.8,0.4,0.9804,65553.24,268374.122
300999.SZ,20230614,40.39,41.15,40.31,40.8,40.39,0.41,1.0151,56693.7,231315.862
300999.SZ,20230613,40.59,40.71,40.18,40.39,40.71,-0.32,-0.786,44695.04,180471.763
300999.SZ,20230612,40.33,41.1,40.24,40.71,40.45,0.26,0.6428,44449.27,180645.415
300999.SZ,20230609,40.69,40.85,40.34,40.45,40.65,-0.2,-0.492,44496.29,180485.008
300999.SZ,20230608,40.17,40.87,40.1,40.65,40.19,0.46,1.1446,46580.94,188782.527
300999.SZ,20230607,40.04,40.56,40.04,40.19,39.97,0.22,0.5504,39883.79,160651.454
300999.SZ,20230606,40.62,40.82,39.83,39.97,40.62,-0.65,-1.6002,59122.45,238473.121
300999.SZ,20230605,40.74,40.99,40.5,40.62,40.87,-0.25,-0.6117,37669.26,153286.054
300999.SZ,20230602,40.5,40.88,40.32,40.87,40.46,0.41,1.0133,48112.1,195831.662
300999.SZ,20230601,40.03,40.69,40.03,40.46,40.2,0.26,0.6468,43904.17,177451.148
300999.SZ,20230531,40.12,40.38,39.9,40.2,40.5,-0.3,-0.7407,39484.25,158288.03
300999.SZ,20230530,40.12,40.5,39.47,40.5,40.05,0.45,1.1236,49976.62,199132.551
300999.SZ,20230529,40.34,40.38,39.9,40.05,40.39,-0.34,-0.8418,43788.86,175307.911
300999.SZ,20230526,40.26,40.49,39.98,40.39,40.25,0.14,0.3478,29556.09,118905.506
300999.SZ,20230525,40.57,40.59,39.91,40.25,40.7,-0.45,-1.1057,65067.13,261256.429
300999.SZ,20230524,41.5,41.5,40.66,40.7,41.48,-0.78,-1.8804,57739.12,236636.443
300999.SZ,20230523,42.18,42.33,41.38,41.48,42.0,-0.52,-1.2381,44725.15,186717.582
300999.SZ,20230522,41.61,42.06,40.94,42.0,41.38,0.62,1.4983,60783.44,253288.34
300999.SZ,20230519,41.26,41.64,41.08,41.38,41.16,0.22,0.5345,38204.11,158082.991
300999.SZ,20230518,41.71,41.95,41.01,41.16,41.84,-0.68,-1.6252,56260.81,232721.204
300999.SZ,20230517,42.67,42.88,41.64,41.84,42.25,-0.41,-0.9704,45802.73,192415.739
300999.SZ,20230516,42.58,42.58,42.07,42.25,42.53,-0.28,-0.6584,34648.36,146434.18
300999.SZ,20230515,41.85,42.56,41.38,42.53,42.16,0.37,0.8776,54604.81,228824.946
300999.SZ,20230512,42.6,43.07,42.16,42.16,42.61,-0.45,-1.0561,45752.49,194655.895
300999.SZ,20230511,43.0,43.02,42.54,42.61,42.75,-0.14,-0.3275,39296.35,167875.775
300999.SZ,20230510,42.91,43.06,42.55,42.75,42.9,-0.15,-0.3497,47685.23,204003.839
300999.SZ,20230509,43.17,43.67,42.81,42.9,43.17,-0.27,-0.6254,77582.86,335437.975
300999.SZ,20230508,42.87,43.21,42.6,43.17,42.99,0.18,0.4187,65328.55,280765.886
300999.SZ,20230505,43.2,43.75,42.91,42.99,43.46,-0.47,-1.0815,72855.84,314627.524
300999.SZ,20230504,43.3,44.2,43.01,43.46,43.44,0.02,0.046,129973.05,567217.119
300999.SZ,20230428,41.98,43.44,41.98,43.44,42.17,1.27,3.0116,125921.27,542448.963
300999.SZ,20230427,41.25,42.28,40.8,42.17,41.05,1.12,2.7284,66651.49,278019.75
300999.SZ,20230426,41.15,41.35,40.83,41.05,41.31,-0.26,-0.6294,46089.24,189179.412
300999.SZ,20230425,40.85,41.33,40.54,41.31,40.85,0.46,1.1261,59560.85,243967.641
300999.SZ,20230424,41.55,41.6,40.71,40.85,41.62,-0.77,-1.8501,65553.13,268324.607
300999.SZ,20230421,42.25,42.47,41.6,41.62,42.18,-0.56,-1.3276,62350.96,262093.794
300999.SZ,20230420,42.82,42.94,42.15,42.18,42.81,-0.63,-1.4716,54678.07,232062.879
300999.SZ,20230419,43.37,43.46,42.69,42.81,43.3,-0.49,-1.1316,51316.14,220403.748
300999.SZ,20230418,43.04,43.5,42.88,43.3,43.03,0.27,0.6275,73190.35,316076.396
300999.SZ,20230417,42.2,43.13,42.11,43.03,42.09,0.94,2.2333,76878.0,327696.615
300999.SZ,20230414,41.96,42.18,41.88,42.09,41.92,0.17,0.4055,40911.03,171814.066
300999.SZ,20230413,42.61,42.7,41.88,41.92,42.69,-0.77,-1.8037,80938.24,340187.689
300999.SZ,20230412,43.26,43.49,42.61,42.69,43.26,-0.57,-1.3176,80126.78,342694.11
300999.SZ,20230411,43.37,43.64,43.16,43.26,43.38,-0.12,-0.2766,63832.24,276836.292
300999.SZ,20230410,43.0,43.86,42.75,43.38,43.05,0.33,0.7666,73497.79,317731.192
300999.SZ,20230407,42.61,43.2,42.61,43.05,42.86,0.19,0.4433,42225.63,181612.762
300999.SZ,20230406,42.77,43.02,42.63,42.86,43.03,-0.17,-0.3951,45920.2,196357.948
300999.SZ,20230404,43.05,43.4,42.87,43.03,43.05,-0.02,-0.0465,66734.39,287351.912
300999.SZ,20230403,43.0,43.33,42.8,43.05,43.1,-0.05,-0.116,69634.66,299881.781
300999.SZ,20230331,43.29,43.58,42.94,43.1,43.14,-0.04,-0.0927,58298.67,251984.125
300999.SZ,20230330,42.81,43.18,42.3,43.14,42.89,0.25,0.5829,64093.84,274479.891
300999.SZ,20230329,43.16,43.35,42.55,42.89,43.22,-0.33,-0.7635,48855.41,209481.342
300999.SZ,20230328,42.92,43.43,42.88,43.22,43.18,0.04,0.0926,46229.4,199841.944
300999.SZ,20230327,43.55,43.8,42.96,43.18,43.67,-0.49,-1.1221,63875.54,276394.202
300999.SZ,20230324,43.62,44.39,43.55,43.67,43.44,0.23,0.5295,85197.39,374021.716
300999.SZ,20230323,43.15,43.5,43.12,43.44,43.29,0.15,0.3465,48328.08,209662.472
300999.SZ,20230322,43.25,43.65,43.12,43.29,43.35,-0.06,-0.1384,54139.35,234410.833
300999.SZ,20230321,42.96,43.47,42.93,43.35,42.93,0.42,0.9783,53703.99,232385.594
300999.SZ,20230320,42.8,43.15,42.58,42.93,42.93,0.0,0.0,58304.2,250021.358
300999.SZ,20230317,42.8,43.4,42.78,42.93,42.62,0.31,0.7274,61884.18,266481.17
300999.SZ,20230316,42.83,43.01,42.2,42.62,42.98,-0.36,-0.8376,57362.12,244435.181
300999.SZ,20230315,43.25,43.4,42.91,42.98,42.94,0.04,0.0932,51035.69,219949.489
300999.SZ,20230314,44.48,44.49,42.7,42.94,44.48,-1.54,-3.4622,125937.93,545139.556
300999.SZ,20230313,44.01,44.64,43.98,44.48,44.19,0.29,0.6563,49065.55,217475.897
300999.SZ,20230310,44.43,44.73,44.15,44.19,44.57,-0.38,-0.8526,53860.24,239004.647
300999.SZ,20230309,45.23,45.4,44.4,44.57,45.23,-0.66,-1.4592,77829.55,348640.396
300999.SZ,20230308,45.38,45.78,45.05,45.23,45.51,-0.28,-0.6152,52263.24,236880.388
300999.SZ,20230307,46.6,46.6,45.48,45.51,46.6,-1.09,-2.3391,84603.64,388342.905
300999.SZ,20230306,46.37,47.18,46.14,46.6,46.36,0.24,0.5177,109379.63,511238.824
300999.SZ,20230303,46.31,46.77,45.8,46.36,46.35,0.01,0.0216,55857.41,258525.138
300999.SZ,20230302,46.21,46.77,46.2,46.35,46.5,-0.15,-0.3226,65841.23,305796.692
300999.SZ,20230301,45.82,46.5,45.45,46.5,46.01,0.49,1.065,98528.31,454048.091
300999.SZ,20230228,45.74,46.07,45.34,46.01,45.55,0.46,1.0099,64452.24,294747.186
300999.SZ,20230227,45.87,46.2,45.29,45.55,46.04,-0.49,-1.0643,62241.58,283799.388
300999.SZ,20230224,46.66,46.92,45.85,46.04,46.9,-0.86,-1.8337,91211.53,421531.998
300999.SZ,20230223,47.21,47.8,46.69,46.9,47.41,-0.51,-1.0757,118717.29,559216.413
300999.SZ,20230222,46.28,47.98,46.25,47.41,46.19,1.22,2.6413,218854.49,1037097.628
300999.SZ,20230221,45.96,46.91,45.85,46.19,46.05,0.14,0.304,134259.81,623037.328
300999.SZ,20230220,44.96,46.2,44.96,46.05,44.86,1.19,2.6527,126384.32,578489.129
300999.SZ,20230217,44.06,46.46,44.06,44.86,44.37,0.49,1.1043,151805.05,691668.018
300999.SZ,20230216,44.87,45.58,44.1,44.37,44.97,-0.6,-1.3342,82541.44,371423.37
300999.SZ,20230215,45.37,45.46,44.81,44.97,45.34,-0.37,-0.8161,50194.48,225718.266
300999.SZ,20230214,45.43,45.72,45.1,45.34,45.43,-0.09,-0.1981,58533.98,265292.167
300999.SZ,20230213,44.0,45.49,43.91,45.43,44.3,1.13,2.5508,114849.87,515942.14
300999.SZ,20230210,44.33,44.5,44.01,44.3,44.3,0.0,0.0,52626.93,232924.546
300999.SZ,20230209,43.95,44.4,43.93,44.3,43.93,0.37,0.8422,46689.31,206575.831
300999.SZ,20230208,44.5,44.71,43.9,43.93,44.53,-0.6,-1.3474,43486.6,192184.453
300999.SZ,20230207,44.3,44.6,44.05,44.53,44.27,0.26,0.5873,46143.0,204358.392
300999.SZ,20230206,44.48,44.48,44.01,44.27,44.8,-0.53,-1.183,61992.66,273746.019
300999.SZ,20230203,45.34,45.41,44.6,44.8,45.63,-0.83,-1.819,68343.44,306551.029
300999.SZ,20230202,44.95,45.71,44.61,45.63,44.94,0.69,1.5354,98947.58,447876.692
300999.SZ,20230201,44.62,44.94,44.25,44.94,44.71,0.23,0.5144,85108.0,379505.166
300999.SZ,20230131,45.53,45.75,44.56,44.71,45.32,-0.61,-1.346,81919.37,368415.374
300999.SZ,20230130,46.1,46.25,45.25,45.32,45.39,-0.07,-0.1542,87527.33,400212.214
300999.SZ,20230120,45.81,45.9,45.15,45.39,45.6,-0.21,-0.4605,72676.37,330184.667
300999.SZ,20230119,45.5,45.79,45.05,45.6,45.7,-0.1,-0.2188,57601.51,261326.05
300999.SZ,20230118,46.31,46.64,45.65,45.7,46.07,-0.37,-0.8031,56567.42,259869.002
300999.SZ,20230117,46.38,46.84,45.77,46.07,46.37,-0.3,-0.647,84481.52,390230.584
300999.SZ,20230116,45.99,47.18,45.9,46.37,45.66,0.71,1.555,158455.32,739312.94
300999.SZ,20230113,43.91,45.66,43.89,45.66,43.89,1.77,4.0328,134124.98,605199.336
300999.SZ,20230112,44.44,44.6,43.65,43.89,44.45,-0.56,-1.2598,46781.92,206041.491
300999.SZ,20230111,44.91,45.12,44.33,44.45,44.89,-0.44,-0.9802,59777.05,266790.004
300999.SZ,20230110,44.77,45.16,44.36,44.89,44.77,0.12,0.268,75380.47,337943.879
300999.SZ,20230109,44.03,45.25,43.7,44.77,43.88,0.89,2.0283,96555.94,429005.246
300999.SZ,20230106,43.98,44.38,43.61,43.88,43.83,0.05,0.1141,70266.63,308993.646
300999.SZ,20230105,43.02,43.98,43.01,43.83,42.89,0.94,2.1917,86104.65,375625.898
300999.SZ,20230104,43.04,43.46,42.68,42.89,43.06,-0.17,-0.3948,61542.53,264735.629
300999.SZ,20230103,43.3,43.5,42.45,43.06,43.56,-0.5,-1.1478,77377.4,331664.519
300999.SZ,20221230,43.52,43.85,43.11,43.56,43.4,0.16,0.3687,50676.33,220055.502
300999.SZ,20221229,43.39,43.87,42.91,43.4,43.68,-0.28,-0.641,63000.78,273654.854
300999.SZ,20221228,44.87,44.87,43.61,43.68,44.81,-1.13,-2.5218,98791.74,434379.592
300999.SZ,20221227,43.62,44.84,43.44,44.81,43.28,1.53,3.5351,82977.05,367616.429
300999.SZ,20221226,43.93,44.25,43.15,43.28,43.85,-0.57,-1.2999,56633.34,247292.539
300999.SZ,20221223,43.88,44.69,43.29,43.85,44.27,-0.42,-0.9487,60206.89,264958.838
300999.SZ,20221222,43.91,45.0,43.56,44.27,43.47,0.8,1.8403,91438.08,406476.778
300999.SZ,20221221,43.24,44.06,42.99,43.47,42.95,0.52,1.2107,58578.8,255438.207
300999.SZ,20221220,44.0,44.24,42.82,42.95,44.15,-1.2,-2.718,69219.88,299545.696
300999.SZ,20221219,45.2,45.58,44.05,44.15,45.0,-0.85,-1.8889,60379.36,269114.339
300999.SZ,20221216,44.32,45.14,44.07,45.0,44.77,0.23,0.5137,70592.17,315671.754
300999.SZ,20221215,45.83,46.12,44.68,44.77,45.82,-1.05,-2.2916,112746.14,508545.578
300999.SZ,20221214,44.2,46.09,43.91,45.82,44.23,1.59,3.5948,175204.46,795991.379
300999.SZ,20221213,43.93,44.63,43.6,44.23,43.77,0.46,1.0509,80590.89,356894.881
300999.SZ,20221212,44.25,44.38,43.58,43.77,44.48,-0.71,-1.5962,73605.44,323002.016
300999.SZ,20221209,43.99,44.62,43.19,44.48,43.78,0.7,1.5989,106909.19,469656.663
300999.SZ,20221208,44.08,44.31,43.44,43.78,44.19,-0.41,-0.9278,64883.85,283917.17
300999.SZ,20221207,44.31,44.63,43.65,44.19,44.3,-0.11,-0.2483,109701.38,484044.625
300999.SZ,20221206,43.63,45.33,43.63,44.3,43.89,0.41,0.9342,150890.94,672667.82
300999.SZ,20221205,43.41,44.65,43.38,43.89,42.86,1.03,2.4032,138282.7,608940.915
300999.SZ,20221202,42.55,43.47,42.5,42.86,42.7,0.16,0.3747,86029.88,370034.792
300999.SZ,20221201,42.0,43.42,41.99,42.7,41.25,1.45,3.5152,146015.23,626393.034
300999.SZ,20221130,41.11,41.87,41.11,41.25,41.54,-0.29,-0.6981,52599.02,217985.324
300999.SZ,20221129,40.58,41.63,40.43,41.54,40.64,0.9,2.2146,68769.77,283542.898
300999.SZ,20221128,40.0,40.68,39.11,40.64,40.48,0.16,0.3953,65152.21,259966.9
300999.SZ,20221125,40.47,40.75,40.26,40.48,40.4,0.08,0.198,49043.31,198641.206
300999.SZ,20221124,40.99,41.3,40.38,40.4,40.95,-0.55,-1.3431,63562.59,258776.865
300999.SZ,20221123,41.39,41.49,40.88,40.95,41.19,-0.24,-0.5827,43412.31,178237.57
300999.SZ,20221122,41.75,42.19,41.15,41.19,41.74,-0.55,-1.3177,48468.45,200816.397
300999.SZ,20221121,42.2,42.2,41.35,41.74,42.45,-0.71,-1.6726,57121.84,237746.479
300999.SZ,20221118,42.78,43.18,42.39,42.45,42.69,-0.24,-0.5622,51087.98,218351.821
300999.SZ,20221117,42.6,43.0,42.3,42.69,42.8,-0.11,-0.257,57681.54,245532.08
300999.SZ,20221116,42.69,43.51,42.52,42.8,42.7,0.1,0.2342,68390.64,294620.291
300999.SZ,20221115,42.01,43.07,42.0,42.7,42.33,0.37,0.8741,84017.67,358058.495
300999.SZ,20221114,41.46,42.78,41.46,42.33,41.33,1.0,2.4195,112920.57,477361.192
300999.SZ,20221111,41.45,41.94,41.07,41.33,40.59,0.74,1.8231,93052.56,385695.122
300999.SZ,20221110,40.28,40.91,40.25,40.59,40.66,-0.07,-0.1722,40497.95,164451.611
300999.SZ,20221109,40.53,41.19,40.52,40.66,40.68,-0.02,-0.0492,50907.61,207928.441
300999.SZ,20221108,41.0,41.34,40.38,40.68,40.98,-0.3,-0.7321,47654.91,194114.006
300999.SZ,20221107,40.5,41.22,40.4,40.98,40.85,0.13,0.3182,62269.62,254494.917
300999.SZ,20221104,39.42,41.25,39.4,40.85,39.4,1.45,3.6802,110525.12,448641.378
300999.SZ,20221103,39.83,39.98,39.15,39.4,39.85,-0.45,-1.1292,51639.38,203572.294
300999.SZ,20221102,39.1,40.29,39.1,39.85,39.6,0.25,0.6313,74225.35,295513.149
300999.SZ,20221101,38.28,39.6,38.25,39.6,38.25,1.35,3.5294,87071.93,339543.982
300999.SZ,20221031,38.0,38.82,37.62,38.25,39.92,-1.67,-4.1834,110914.74,423681.395
300999.SZ,20221028,40.8,40.92,39.81,39.92,40.96,-1.04,-2.5391,69173.5,278698.535
300999.SZ,20221027,41.21,41.38,40.89,40.96,41.21,-0.25,-0.6066,47599.98,195660.935
300999.SZ,20221026,40.88,41.65,40.8,41.21,40.91,0.3,0.7333,51724.18,213327.191
300999.SZ,20221025,40.96,41.38,40.25,40.91,41.08,-0.17,-0.4138,55010.75,224179.839
300999.SZ,20221024,42.22,42.46,41.05,41.08,42.43,-1.35,-3.1817,72449.61,301001.238
300999.SZ,20221021,42.59,42.97,42.21,42.43,42.71,-0.28,-0.6556,34730.86,147645.907
300999.SZ,20221020,42.33,43.3,42.28,42.71,42.65,0.06,0.1407,43865.85,187747.622
300999.SZ,20221019,43.88,43.88,42.59,42.65,43.94,-1.29,-2.9358,56342.87,242485.162
300999.SZ,20221018,44.3,44.36,43.7,43.94,44.15,-0.21,-0.4757,43800.25,192542.251
300999.SZ,20221017,44.27,44.84,43.91,44.15,44.16,-0.01,-0.0226,74508.82,330853.067
300999.SZ,20221014,43.57,44.37,43.32,44.16,43.32,0.84,1.9391,88496.05,390306.979
300999.SZ,20221013,42.0,43.77,41.94,43.32,42.37,0.95,2.2422,80487.32,346118.874
300999.SZ,20221012,42.0,42.39,40.7,42.37,42.1,0.27,0.6413,79540.61,329266.732
300999.SZ,20221011,42.44,42.91,41.66,42.1,42.4,-0.3,-0.7075,43374.41,182642.119
300999.SZ,20221010,43.0,43.35,42.34,42.4,43.19,-0.79,-1.8291,69299.76,296865.179
300999.SZ,20220930,42.91,43.6,42.9,43.19,43.05,0.14,0.3252,61515.17,266292.878
300999.SZ,20220929,42.9,43.77,42.84,43.05,42.59,0.46,1.0801,85398.38,369649.913
300999.SZ,20220928,42.5,43.2,42.44,42.59,42.89,-0.3,-0.6995,74499.15,319179.316
300999.SZ,20220927,41.5,43.0,41.4,42.89,41.6,1.29,3.101,79669.78,337362.958
300999.SZ,20220926,41.28,42.35,41.2,41.6,41.55,0.05,0.1203,59662.93,250118.341
300999.SZ,20220923,41.49,41.88,40.93,41.55,41.59,-0.04,-0.0962,60060.43,249215.267
300999.SZ,20220922,41.79,42.36,41.58,41.59,42.14,-0.55,-1.3052,49281.15,206624.238
300999.SZ,20220921,42.7,42.8,41.65,42.14,42.9,-0.76,-1.7716,64657.58,272273.817
300999.SZ,20220920,43.2,43.66,42.84,42.9,43.04,-0.14,-0.3253,53892.27,232728.263
300999.SZ,20220919,42.69,43.16,42.08,43.04,42.76,0.28,0.6548,50932.46,217631.065
300999.SZ,20220916,44.1,44.3,42.76,42.76,44.48,-1.72,-3.8669,112583.7,486583.418
300999.SZ,20220915,44.74,45.0,44.18,44.48,44.69,-0.21,-0.4699,67209.05,300075.172
300999.SZ,20220914,44.16,44.72,43.88,44.69,44.79,-0.1,-0.2233,51817.73,229924.823
300999.SZ,20220913,44.58,45.14,44.44,44.79,44.54,0.25,0.5613,72677.63,326139.231
300999.SZ,20220909,43.94,44.55,43.7,44.54,43.81,0.73,1.6663,65676.08,291401.244
300999.SZ,20220908,44.32,44.49,43.68,43.81,44.19,-0.38,-0.8599,63188.5,278546.888
300999.SZ,20220907,44.45,44.45,44.05,44.19,44.65,-0.46,-1.0302,49498.06,218725.513
300999.SZ,20220906,44.35,44.68,44.17,44.65,44.26,0.39,0.8812,52432.3,232995.478
300999.SZ,20220905,44.79,44.89,44.02,44.26,44.96,-0.7,-1.5569,71912.72,318016.926
300999.SZ,20220902,45.41,45.63,44.55,44.96,45.45,-0.49,-1.0781,72640.03,326388.098
300999.SZ,20220901,45.19,46.1,45.01,45.45,45.68,-0.23,-0.5035,82882.75,377766.967
300999.SZ,20220831,44.86,46.03,44.64,45.68,45.17,0.51,1.1291,103882.13,472425.187
300999.SZ,20220830,44.82,45.21,44.2,45.17,44.79,0.38,0.8484,74999.92,335623.44
300999.SZ,20220829,44.71,45.13,44.51,44.79,45.5,-0.71,-1.5604,73417.81,328806.955
300999.SZ,20220826,45.31,46.3,45.22,45.5,45.1,0.4,0.8869,80107.62,366600.402
300999.SZ,20220825,44.66,45.35,44.66,45.1,44.58,0.52,1.1664,60942.62,274116.261
300999.SZ,20220824,45.53,45.8,44.57,44.58,45.48,-0.9,-1.9789,76148.07,343644.103
300999.SZ,20220823,45.88,46.11,45.4,45.48,46.0,-0.52,-1.1304,70615.26,321751.436
300999.SZ,20220822,45.71,46.3,45.55,46.0,45.89,0.11,0.2397,63296.95,291091.193
300999.SZ,20220819,45.99,46.41,45.85,45.89,46.09,-0.2,-0.4339,55588.28,256477.862
300999.SZ,20220818,46.4,46.46,45.9,46.09,46.65,-0.56,-1.2004,58941.86,271769.812
300999.SZ,20220817,46.57,46.92,46.1,46.65,46.71,-0.06,-0.1285,57666.34,268045.809
300999.SZ,20220816,46.48,47.15,46.44,46.71,46.43,0.28,0.6031,87960.01,411883.588
300999.SZ,20220815,46.82,47.03,46.16,46.43,47.09,-0.66,-1.4016,77964.76,362532.539
300999.SZ,20220812,46.81,47.1,46.48,47.09,47.1,-0.01,-0.0212,68747.0,321977.897
300999.SZ,20220811,46.3,47.13,46.06,47.1,46.06,1.04,2.2579,103563.46,483665.162
300999.SZ,20220810,46.66,46.75,45.83,46.06,46.9,-0.84,-1.791,86915.48,401598.141
300999.SZ,20220809,47.03,47.25,46.56,46.9,46.95,-0.05,-0.1065,85559.33,401117.656
300999.SZ,20220808,47.65,47.97,46.78,46.95,48.15,-1.2,-2.4922,138826.24,657455.195
300999.SZ,20220805,48.48,48.96,47.51,48.15,45.43,2.72,5.9872,256373.1,1232380.642
300999.SZ,20220804,45.4,45.6,44.97,45.51,45.12,0.39,0.8644,62574.17,283455.237
300999.SZ,20220803,45.23,45.94,45.05,45.12,45.05,0.07,0.1554,76661.36,348115.116
300999.SZ,20220802,45.75,46.0,44.5,45.05,46.2,-1.15,-2.4892,122837.82,553756.894
300999.SZ,20220801,45.82,46.28,45.2,46.2,45.81,0.39,0.8513,86633.23,397389.936
300999.SZ,20220729,46.75,46.9,45.78,45.81,46.75,-0.94,-2.0107,100097.34,462353.993
300999.SZ,20220728,46.84,47.56,46.7,46.75,46.74,0.01,0.0214,99975.18,470738.175
300999.SZ,20220727,47.2,47.33,46.41,46.74,47.36,-0.62,-1.3091,85861.81,400952.211
300999.SZ,20220726,47.2,47.9,47.18,47.36,47.16,0.2,0.4241,71477.03,339115.101
300999.SZ,20220725,47.4,47.52,46.87,47.16,47.3,-0.14,-0.296,56112.0,264607.071
300999.SZ,20220722,47.59,48.12,46.9,47.3,47.83,-0.53,-1.1081,93903.99,446088.521
300999.SZ,20220721,48.21,48.25,47.68,47.83,48.5,-0.67,-1.3814,99129.42,475212.518
300999.SZ,20220720,48.69,49.43,48.35,48.5,48.27,0.23,0.4765,122722.69,597531.602
300999.SZ,20220719,48.59,48.99,47.91,48.27,48.7,-0.43,-0.883,114058.39,551367.274
300999.SZ,20220718,48.4,49.11,47.89,48.7,48.65,0.05,0.1028,137006.82,665957.476
300999.SZ,20220715,49.49,50.05,48.61,48.65,49.61,-0.96,-1.9351,120649.89,595756.196
300999.SZ,20220714,50.5,50.68,49.5,49.61,50.2,-0.59,-1.1753,110244.74,550683.817
300999.SZ,20220713,50.23,50.9,49.7,50.2,50.06,0.14,0.2797,102056.58,511698.706
300999.SZ,20220712,51.37,51.62,49.92,50.06,51.36,-1.3,-2.5312,108819.55,548924.96
300999.SZ,20220711,52.1,52.2,50.66,51.36,52.38,-1.02,-1.9473,98740.42,505529.388
300999.SZ,20220708,53.17,53.2,52.14,52.38,52.66,-0.28,-0.5317,74995.6,393685.885
300999.SZ,20220707,52.91,53.35,52.0,52.66,53.1,-0.44,-0.8286,104785.11,552192.35
300999.SZ,20220706,53.95,54.69,52.69,53.1,54.09,-0.99,-1.8303,115672.19,617587.765
300999.SZ,20220705,55.39,55.43,53.31,54.09,55.04,-0.95,-1.726,152269.07,823267.424
300999.SZ,20220704,54.28,55.55,53.96,55.04,54.28,0.76,1.4001,136928.11,750901.733
300999.SZ,20220701,54.1,54.51,53.23,54.28,54.02,0.26,0.4813,120412.57,649251.34
300999.SZ,20220630,53.01,55.33,52.9,54.02,53.21,0.81,1.5223,206526.13,1125028.95
300999.SZ,20220629,53.3,54.36,52.81,53.21,53.65,-0.44,-0.8201,171079.03,916409.164
300999.SZ,20220628,52.9,53.74,52.2,53.65,52.92,0.73,1.3794,198690.02,1056663.716
300999.SZ,20220627,49.61,53.85,49.61,52.92,49.21,3.71,7.5391,367110.14,1922748.497
300999.SZ,20220624,47.11,49.39,47.08,49.21,47.11,2.1,4.4577,221738.13,1077765.131
300999.SZ,20220623,46.77,47.24,46.55,47.11,46.61,0.5,1.0727,76867.94,360936.796
300999.SZ,20220622,47.45,47.45,46.56,46.61,47.47,-0.86,-1.8117,104121.01,488472.19
300999.SZ,20220621,48.07,48.55,47.01,47.47,48.26,-0.79,-1.637,127316.13,607100.065
300999.SZ,20220620,48.76,48.9,47.83,48.26,48.19,0.07,0.1453,116891.77,564401.65
300999.SZ,20220617,47.41,48.2,47.22,48.19,47.7,0.49,1.0273,116917.81,559120.033
300999.SZ,20220616,47.7,48.41,47.38,47.7,47.75,-0.05,-0.1047,138309.89,661058.01
300999.SZ,20220615,46.8,48.75,46.8,47.75,46.21,1.54,3.3326,235970.5,1132080.118
300999.SZ,20220614,45.99,46.66,45.19,46.21,46.28,-0.07,-0.1513,115499.89,529699.744
300999.SZ,20220613,46.39,47.72,46.01,46.28,46.72,-0.44,-0.9418,137524.14,644113.041
300999.SZ,20220610,44.78,46.85,44.68,46.72,44.95,1.77,3.9377,176229.33,810419.026
300999.SZ,20220609,46.21,46.35,44.75,44.95,46.16,-1.21,-2.6213,102854.67,466241.527
300999.SZ,20220608,45.97,46.67,45.7,46.16,45.95,0.21,0.457,113050.48,521310.697
300999.SZ,20220607,45.5,46.67,45.28,45.95,45.74,0.21,0.4591,137365.41,631492.181
300999.SZ,20220606,45.65,45.85,44.9,45.74,45.21,0.53,1.1723,114588.54,521413.545
300999.SZ,20220602,45.0,45.45,44.69,45.21,45.15,0.06,0.1329,72264.97,325762.681
300999.SZ,20220601,45.5,45.57,44.81,45.15,45.38,-0.23,-0.5068,97674.26,440890.632
300999.SZ,20220531,44.14,45.77,43.71,45.38,44.24,1.14,2.5769,181307.84,818301.073
300999.SZ,20220530,44.25,44.83,43.99,44.24,43.67,0.57,1.3052,98741.07,438640.528
300999.SZ,20220527,44.06,44.58,43.52,43.67,44.01,-0.34,-0.7726,82430.14,363347.425
300999.SZ,20220526,43.7,44.2,43.08,44.01,43.8,0.21,0.4795,89493.05,390818.109
300999.SZ,20220525,43.44,43.98,43.01,43.8,43.3,0.5,1.1547,80338.21,349804.683
300999.SZ,20220524,44.55,45.05,43.25,43.3,44.47,-1.17,-2.631,113922.54,502809.344
300999.SZ,20220523,44.79,44.79,44.12,44.47,44.51,-0.04,-0.0899,84043.2,373111.804
300999.SZ,20220520,43.4,44.68,43.37,44.51,43.28,1.23,2.842,146539.09,648379.768
300999.SZ,20220519,43.03,43.41,42.92,43.28,43.62,-0.34,-0.7795,77317.18,333652.866
300999.SZ,20220518,43.85,43.85,43.21,43.62,43.88,-0.26,-0.5925,74974.37,326268.102
300999.SZ,20220517,43.91,44.01,43.05,43.88,44.02,-0.14,-0.318,73482.36,320888.471
300999.SZ,20220516,44.21,44.88,43.7,44.02,43.96,0.06,0.1365,89362.57,394808.042
300999.SZ,20220513,44.49,44.95,43.63,43.96,44.37,-0.41,-0.924,82328.76,362990.276
300999.SZ,20220512,44.04,45.1,43.96,44.37,44.37,0.0,0.0,96444.1,429246.399
300999.SZ,20220511,43.95,45.17,43.74,44.37,43.92,0.45,1.0246,146933.23,654282.192
300999.SZ,20220510,42.86,44.1,42.85,43.92,43.85,0.07,0.1596,95961.87,419084.108
300999.SZ,20220509,43.45,44.14,43.25,43.85,43.45,0.4,0.9206,82257.5,360191.601
300999.SZ,20220506,43.0,44.1,42.77,43.45,44.17,-0.72,-1.6301,123640.69,538834.689
300999.SZ,20220505,45.0,45.6,43.2,44.17,48.0,-3.83,-7.9792,327810.17,1449421.6
300999.SZ,20220429,46.6,48.2,46.48,48.0,46.42,1.58,3.4037,162893.72,773078.19
300999.SZ,20220428,47.74,48.25,46.1,46.42,48.39,-1.97,-4.0711,181663.86,852746.052
300999.SZ,20220427,48.95,49.87,45.59,48.39,49.57,-1.18,-2.3805,303745.35,1448241.105
300999.SZ,20220426,48.0,50.4,46.68,49.57,48.7,0.87,1.7864,314871.22,1550884.146
300999.SZ,20220425,48.0,50.5,47.81,48.7,47.19,1.51,3.1998,351622.64,1738682.5
300999.SZ,20220422,47.0,47.66,46.09,47.19,47.4,-0.21,-0.443,86650.22,406136.298
300999.SZ,20220421,49.03,49.41,47.3,47.4,49.67,-2.27,-4.5702,133598.73,643779.328
300999.SZ,20220420,49.46,51.2,48.68,49.67,49.8,-0.13,-0.261,166776.85,830992.328
300999.SZ,20220419,49.18,50.48,49.13,49.8,48.9,0.9,1.8405,145699.46,724881.183
300999.SZ,20220418,48.75,49.64,48.36,48.9,49.05,-0.15,-0.3058,115574.89,564689.76
300999.SZ,20220415,47.56,50.13,47.56,49.05,48.01,1.04,2.1662,187197.25,920558.453
300999.SZ,20220414,46.72,48.68,46.34,48.01,46.62,1.39,2.9816,160858.03,766926.715
300999.SZ,20220413,46.88,48.23,46.36,46.62,47.42,-0.8,-1.6871,125146.34,589637.872
300999.SZ,20220412,47.8,47.83,45.1,47.42,48.0,-0.58,-1.2083,210515.86,976031.526
300999.SZ,20220411,46.9,49.3,46.61,48.0,46.89,1.11,2.3672,168855.49,817105.614
300999.SZ,20220408,48.01,48.22,46.31,46.89,48.01,-1.12,-2.3328,89067.25,418923.519
300999.SZ,20220407,48.91,49.1,48.0,48.01,49.25,-1.24,-2.5178,78639.76,381055.346
300999.SZ,20220406,49.8,49.8,48.75,49.25,50.1,-0.85,-1.6966,92007.9,452102.048
300999.SZ,20220401,49.25,50.68,48.9,50.1,49.58,0.52,1.0488,86184.82,429957.522
300999.SZ,20220331,50.59,50.68,49.53,49.58,50.53,-0.95,-1.8801,90595.12,452500.51
300999.SZ,20220330,49.68,50.98,49.34,50.53,50.0,0.53,1.06,114761.87,576885.057
300999.SZ,20220329,50.6,51.48,49.81,50.0,50.97,-0.97,-1.9031,138866.15,701175.47
300999.SZ,20220328,49.1,52.79,49.1,50.97,48.56,2.41,4.9629,225658.49,1155562.027
300999.SZ,20220325,49.12,50.25,48.5,48.56,49.0,-0.44,-0.898,101271.21,499387.738
300999.SZ,20220324,49.2,49.52,48.9,49.0,49.9,-0.9,-1.8036,76381.49,375503.537
300999.SZ,20220323,49.35,50.6,49.2,49.9,49.45,0.45,0.91,80326.12,401573.705
300999.SZ,20220322,49.94,50.45,49.2,49.45,50.33,-0.88,-1.7485,82873.02,412263.964
300999.SZ,20220321,49.55,50.78,49.23,50.33,49.57,0.76,1.5332,122002.39,611244.725
300999.SZ,20220318,49.0,49.8,48.82,49.57,49.36,0.21,0.4254,111643.24,552270.749
300999.SZ,20220317,48.51,50.29,48.51,49.36,48.29,1.07,2.2158,138168.24,682912.732
300999.SZ,20220316,47.99,48.42,45.82,48.29,47.39,0.9,1.8991,129849.25,614691.556
300999.SZ,20220315,48.88,48.88,46.9,47.39,49.0,-1.61,-3.2857,152854.76,729941.221
300999.SZ,20220314,50.75,51.03,49.0,49.0,51.17,-2.17,-4.2408,118046.9,588178.393
300999.SZ,20220311,49.67,51.24,49.12,51.17,50.37,0.8,1.5882,102145.91,516536.675
300999.SZ,20220310,51.4,51.41,50.27,50.37,50.71,-0.34,-0.6705,88946.23,451865.192
300999.SZ,20220309,50.02,50.75,48.24,50.71,49.8,0.91,1.8273,135298.94,675020.819
300999.SZ,20220308,51.11,51.5,49.08,49.8,51.14,-1.34,-2.6203,124123.03,624241.556
300999.SZ,20220307,52.77,52.77,50.98,51.14,53.14,-2.0,-3.7636,113035.4,582328.063
300999.SZ,20220304,52.7,53.53,52.52,53.14,53.09,0.05,0.0942,52746.55,280096.241
300999.SZ,20220303,53.91,54.27,53.0,53.09,53.9,-0.81,-1.5028,68591.43,366042.02
300999.SZ,20220302,54.0,54.2,53.72,53.9,54.45,-0.55,-1.0101,61244.88,330410.851
300999.SZ,20220301,53.38,54.48,53.05,54.45,53.44,1.01,1.89,122302.1,659883.08
300999.SZ,20220228,52.83,53.44,52.08,53.44,52.83,0.61,1.1546,88842.71,470378.89
300999.SZ,20220225,52.62,53.5,52.39,52.83,52.19,0.64,1.2263,109226.96,578247.871
300999.SZ,20220224,53.45,53.91,51.78,52.19,54.36,-2.17,-3.9919,182854.51,965097.28
300999.SZ,20220223,54.9,54.9,51.58,54.36,56.89,-2.53,-4.4472,271589.52,1449163.639
300999.SZ,20220222,57.4,57.44,56.61,56.89,57.92,-1.03,-1.7783,65100.63,370218.905
300999.SZ,20220221,57.66,58.09,57.38,57.92,57.66,0.26,0.4509,56833.12,328010.062
300999.SZ,20220218,57.11,57.66,56.76,57.66,57.59,0.07,0.1215,45430.55,259996.463
300999.SZ,20220217,57.8,58.13,57.35,57.59,57.9,-0.31,-0.5354,59643.57,344542.397
300999.SZ,20220216,57.6,58.23,57.45,57.9,57.35,0.55,0.959,58688.04,339563.837
300999.SZ,20220215,56.65,57.69,56.5,57.35,56.76,0.59,1.0395,57226.88,327866.508
300999.SZ,20220214,57.63,58.0,56.51,56.76,57.93,-1.17,-2.0197,65193.52,371586.489
300999.SZ,20220211,58.07,58.58,57.63,57.93,58.1,-0.17,-0.2926,61841.2,359476.581
300999.SZ,20220210,58.2,58.22,57.62,58.1,58.25,-0.15,-0.2575,56188.73,325440.839
300999.SZ,20220209,57.01,58.57,56.8,58.25,57.03,1.22,2.1392,95342.13,551649.737
300999.SZ,20220208,57.37,57.4,55.66,57.03,57.37,-0.34,-0.5926,96547.05,544301.871
300999.SZ,20220207,58.16,58.48,57.0,57.37,57.03,0.34,0.5962,73379.11,422806.366
300999.SZ,20220128,57.5,58.17,57.03,57.03,57.18,-0.15,-0.2623,70413.74,404896.4
300999.SZ,20220127,58.9,59.23,57.05,57.18,59.1,-1.92,-3.2487,91422.86,530359.055
300999.SZ,20220126,58.6,59.27,58.11,59.1,58.42,0.68,1.164,73890.93,434412.945
300999.SZ,20220125,60.71,60.98,58.35,58.42,61.04,-2.62,-4.2923,125500.29,745613.087
300999.SZ,20220124,60.79,61.41,60.6,61.04,61.29,-0.25,-0.4079,53881.93,328235.723
300999.SZ,20220121,62.0,62.03,60.74,61.29,61.98,-0.69,-1.1133,82289.86,503565.697
300999.SZ,20220120,61.63,62.48,61.57,61.98,61.91,0.07,0.1131,76925.77,477594.063
300999.SZ,20220119,62.47,62.71,61.4,61.91,62.85,-0.94,-1.4956,110553.02,685339.536
300999.SZ,20220118,62.39,62.91,62.03,62.85,62.51,0.34,0.5439,81083.18,507815.699
300999.SZ,20220117,63.57,63.57,61.86,62.51,63.85,-1.34,-2.0987,148658.17,928080.494
300999.SZ,20220114,64.81,66.31,63.62,63.85,65.15,-1.3,-1.9954,163647.38,1061061.954
300999.SZ,20220113,65.65,66.52,65.02,65.15,65.79,-0.64,-0.9728,152032.04,999997.402
300999.SZ,20220112,64.6,66.23,64.26,65.79,64.25,1.54,2.3969,140998.55,919639.834
300999.SZ,20220111,65.0,65.98,63.9,64.25,65.34,-1.09,-1.6682,112093.93,727074.653
300999.SZ,20220110,65.49,65.49,63.63,65.34,65.51,-0.17,-0.2595,120276.97,778541.479
300999.SZ,20220107,65.0,66.29,64.7,65.51,65.26,0.25,0.3831,164243.02,1077209.498
300999.SZ,20220106,65.92,66.24,64.36,65.26,66.46,-1.2,-1.8056,211670.55,1378564.014
300999.SZ,20220105,64.1,68.29,64.01,66.46,64.5,1.96,3.0388,371741.45,2481339.295
300999.SZ,20220104,62.9,64.75,62.39,64.5,62.93,1.57,2.4948,176498.57,1128020.826
300999.SZ,20211231,62.6,63.2,62.31,62.93,62.9,0.03,0.0477,73523.21,461751.352
300999.SZ,20211230,62.11,63.17,62.1,62.9,62.48,0.42,0.6722,72700.02,456295.428
300999.SZ,20211229,63.61,64.24,62.36,62.48,63.8,-1.32,-2.069,118098.28,744570.182
300999.SZ,20211228,64.3,64.96,63.44,63.8,64.66,-0.86,-1.33,122436.64,784221.09
300999.SZ,20211227,64.0,64.8,62.99,64.66,63.56,1.1,1.7306,167521.87,1071369.074
300999.SZ,20211224,62.25,64.36,61.96,63.56,62.15,1.41,2.2687,197610.84,1252454.549
300999.SZ,20211223,61.54,62.26,61.5,62.15,61.8,0.35,0.5663,74147.84,458968.198
300999.SZ,20211222,61.8,62.56,61.65,61.8,61.91,-0.11,-0.1777,78739.46,488040.207
300999.SZ,20211221,61.22,61.91,61.22,61.91,61.48,0.43,0.6994,90780.72,558580.543
300999.SZ,20211220,62.2,62.8,61.44,61.48,62.19,-0.71,-1.1417,96201.38,595337.606
300999.SZ,20211217,63.15,63.28,62.19,62.19,63.38,-1.19,-1.8776,85117.36,532176.296
300999.SZ,20211216,62.77,63.5,62.22,63.38,62.82,0.56,0.8914,109647.88,690012.178
300999.SZ,20211215,64.3,64.42,62.7,62.82,64.35,-1.53,-2.3776,148478.97,940986.837
300999.SZ,20211214,64.0,65.05,63.53,64.35,64.5,-0.15,-0.2326,133251.6,856985.649
300999.SZ,20211213,65.0,65.88,64.31,64.5,64.26,0.24,0.3735,178213.71,1156368.895
300999.SZ,20211210,64.0,65.58,63.82,64.26,64.75,-0.49,-0.7568,233231.98,1514219.549
300999.SZ,20211209,63.63,66.0,63.31,64.75,63.62,1.13,1.7762,308212.1,2001146.07
300999.SZ,20211208,63.35,63.84,62.46,63.62,63.26,0.36,0.5691,176098.91,1113331.319
300999.SZ,20211207,61.55,63.58,61.27,63.26,61.19,2.07,3.3829,243669.32,1532844.62
300999.SZ,20211206,62.16,62.22,61.0,61.19,62.14,-0.95,-1.5288,111649.29,685849.442
300999.SZ,20211203,61.15,62.27,60.89,62.14,60.89,1.25,2.0529,126345.65,779051.386
300999.SZ,20211202,61.3,61.81,60.7,60.89,61.2,-0.31,-0.5065,101588.42,620715.895
300999.SZ,20211201,61.7,61.89,60.65,61.2,61.52,-0.32,-0.5202,106520.4,651300.512
300999.SZ,20211130,62.04,62.55,61.08,61.52,62.04,-0.52,-0.8382,117555.66,725010.755
300999.SZ,20211129,60.5,62.33,60.3,62.04,61.47,0.57,0.9273,112866.57,696116.027
300999.SZ,20211126,62.0,62.2,61.33,61.47,62.3,-0.83,-1.3323,93742.8,577929.931
300999.SZ,20211125,62.27,62.48,61.6,62.3,62.21,0.09,0.1447,107343.92,666320.633
300999.SZ,20211124,64.65,65.3,62.18,62.21,64.79,-2.58,-3.9821,233785.27,1472614.813
300999.SZ,20211123,65.18,65.6,64.5,64.79,64.98,-0.19,-0.2924,111212.89,721894.222
300999.SZ,20211122,64.46,65.45,64.3,64.98,64.63,0.35,0.5415,122764.01,796593.832
300999.SZ,20211119,64.43,65.0,64.13,64.63,64.54,0.09,0.1394,94541.86,609564.666
300999.SZ,20211118,64.72,65.61,64.09,64.54,64.97,-0.43,-0.6618,95344.2,616905.353
300999.SZ,20211117,66.09,66.09,64.65,64.97,66.1,-1.13,-1.7095,139028.33,904789.848
300999.SZ,20211116,65.53,66.68,64.7,66.1,65.85,0.25,0.3797,200094.31,1314075.966
300999.SZ,20211115,63.6,66.97,63.51,65.85,63.83,2.02,3.1647,290842.23,1910727.608
300999.SZ,20211112,64.37,64.98,63.76,63.83,64.35,-0.52,-0.8081,141226.58,907224.195
300999.SZ,20211111,65.2,65.76,63.6,64.35,64.92,-0.57,-0.878,194338.27,1252284.639
300999.SZ,20211110,65.62,66.22,64.15,64.92,65.62,-0.7,-1.0667,167623.51,1091416.346
300999.SZ,20211109,67.32,67.32,65.0,65.62,66.2,-0.58,-0.8761,184054.05,1210863.963
300999.SZ,20211108,67.21,67.98,65.5,66.2,67.13,-0.93,-1.3854,222477.19,1481734.558
300999.SZ,20211105,68.0,69.98,67.1,67.13,68.76,-1.63,-2.3706,311156.27,2120994.587
300999.SZ,20211104,64.94,70.46,64.37,68.76,64.2,4.56,7.1028,550363.06,3675939.852
300999.SZ,20211103,64.0,65.55,62.44,64.2,64.0,0.2,0.3125,343791.09,2199789.743
300999.SZ,20211102,60.28,64.8,59.68,64.0,60.3,3.7,6.136,460721.61,2910424.512
300999.SZ,20211101,59.0,61.3,57.84,60.3,60.88,-0.58,-0.9527,193271.06,1156801.702
300999.SZ,20211029,59.31,61.65,59.31,60.88,59.7,1.18,1.9765,161103.01,981065.614
300999.SZ,20211028,59.2,60.58,59.2,59.7,59.53,0.17,0.2856,114833.83,688874.538
300999.SZ,20211027,61.89,61.89,59.16,59.53,61.89,-2.36,-3.8132,202537.72,1217645.28
300999.SZ,20211026,62.77,63.21,61.85,61.89,62.48,-0.59,-0.9443,114657.3,715655.59
300999.SZ,20211025,63.25,63.6,62.05,62.48,63.24,-0.76,-1.2018,109000.41,680922.243
300999.SZ,20211022,61.99,64.37,61.86,63.24,62.28,0.96,1.5414,203487.01,1280819.949
300999.SZ,20211021,62.02,62.96,60.4,62.28,61.92,0.36,0.5814,217741.81,1343502.252
300999.SZ,20211020,62.46,63.05,61.83,61.92,62.45,-0.53,-0.8487,131733.67,818591.764
300999.SZ,20211019,62.02,63.29,61.6,62.45,62.81,-0.36,-0.5732,168971.54,1056859.674
300999.SZ,20211018,66.8,66.95,61.45,62.81,67.96,-5.15,-7.578,401514.18,2540742.795
300999.SZ,20211015,71.71,71.81,67.84,67.96,71.58,-3.62,-5.0573,285595.52,1985836.162
300999.SZ,20211014,72.21,74.24,71.49,71.58,73.38,-1.8,-2.453,161377.73,1172220.951
300999.SZ,20211013,71.01,74.99,70.56,73.38,71.28,2.1,2.9461,221437.3,1614342.78
300999.SZ,20211012,70.24,72.1,68.8,71.28,70.75,0.53,0.7491,144984.23,1025044.244
300999.SZ,20211011,72.23,73.5,70.68,70.75,72.22,-1.47,-2.0354,144091.69,1034921.967
300999.SZ,20211008,70.0,72.41,69.42,72.22,69.42,2.8,4.0334,157103.66,1126530.697
300999.SZ,20210930,69.84,70.89,69.13,69.42,69.2,0.22,0.3179,93007.45,649046.222
300999.SZ,20210929,70.1,70.81,68.7,69.2,70.84,-1.64,-2.3151,107361.31,746078.762
300999.SZ,20210928,72.48,72.5,70.22,70.84,73.25,-2.41,-3.2901,143779.02,1018516.173
300999.SZ,20210927,69.1,75.6,69.1,73.25,69.75,3.5,5.0179,282900.94,2067810.719
300999.SZ,20210924,67.3,71.72,67.18,69.75,67.17,2.58,3.841,209837.11,1467635.52
300999.SZ,20210923,66.95,68.1,66.9,67.17,66.98,0.19,0.2837,62266.99,418978.297
300999.SZ,20210922,67.13,67.99,66.82,66.98,68.3,-1.32,-1.9327,63016.03,422795.691
300999.SZ,20210917,67.85,69.29,66.83,68.3,68.21,0.09,0.1319,110430.44,751482.738
300999.SZ,20210916,67.0,69.08,66.3,68.21,67.25,0.96,1.4275,135627.54,921386.081
300999.SZ,20210915,66.3,67.67,65.77,67.25,66.74,0.51,0.7642,96609.5,644951.534
300999.SZ,20210914,67.18,68.19,66.27,66.74,67.17,-0.43,-0.6402,88996.82,597978.291
300999.SZ,20210913,68.4,68.4,67.01,67.17,68.63,-1.46,-2.1273,87494.73,590069.024
300999.SZ,20210910,69.14,69.87,68.37,68.63,69.21,-0.58,-0.838,84991.3,586322.955
300999.SZ,20210909,69.07,69.85,68.36,69.21,69.16,0.05,0.0723,84467.51,583527.364
300999.SZ,20210908,69.88,70.3,69.0,69.16,69.88,-0.72,-1.0303,87573.6,608055.008
300999.SZ,20210907,70.61,70.62,69.49,69.88,70.62,-0.74,-1.0479,106870.81,747171.491
300999.SZ,20210906,68.35,71.25,67.22,70.62,67.88,2.74,4.0365,182820.59,1278162.514
300999.SZ,20210903,66.99,68.55,66.3,67.88,67.6,0.28,0.4142,88095.64,596132.072
300999.SZ,20210902,68.73,69.11,67.48,67.6,68.72,-1.12,-1.6298,89950.34,611877.695
300999.SZ,20210901,67.01,69.2,65.5,68.72,67.59,1.13,1.6718,148789.45,1003547.883
300999.SZ,20210831,68.45,69.33,66.64,67.59,68.49,-0.9,-1.3141,109491.21,738559.598
300999.SZ,20210830,68.09,68.86,67.48,68.49,68.09,0.4,0.5875,84703.88,577480.235
300999.SZ,20210827,68.05,69.29,67.84,68.09,68.27,-0.18,-0.2637,73095.12,499862.103
300999.SZ,20210826,70.42,70.42,68.25,68.27,70.53,-2.26,-3.2043,108268.71,748005.342
300999.SZ,20210825,71.24,71.97,70.2,70.53,71.21,-0.68,-0.9549,84673.8,600031.565
300999.SZ,20210824,69.8,72.0,69.5,71.21,69.85,1.36,1.947,106438.1,755682.832
300999.SZ,20210823,68.93,70.32,68.7,69.85,69.12,0.73,1.0561,77158.88,538196.893
300999.SZ,20210820,70.0,70.25,68.57,69.12,70.49,-1.37,-1.9435,97761.41,675976.473
300999.SZ,20210819,70.98,71.94,70.01,70.49,70.98,-0.49,-0.6903,83153.07,589081.392
300999.SZ,20210818,71.0,71.68,70.15,70.98,70.98,0.0,0.0,86616.72,613290.576
300999.SZ,20210817,73.56,73.56,70.7,70.98,73.07,-2.09,-2.8603,116424.32,836220.711
300999.SZ,20210816,72.9,73.79,71.98,73.07,72.8,0.27,0.3709,101241.27,738039.135
300999.SZ,20210813,72.89,73.91,71.88,72.8,73.04,-0.24,-0.3286,124721.34,907865.946
300999.SZ,20210812,74.8,75.85,72.98,73.04,76.54,-3.5,-4.5728,222905.94,1647496.644
300999.SZ,20210811,76.22,78.99,76.0,76.54,77.09,-0.55,-0.7135,209665.47,1619937.935
300999.SZ,20210810,74.61,77.77,73.6,77.09,74.91,2.18,2.9102,256704.41,1942489.699
300999.SZ,20210809,70.25,75.99,70.15,74.91,71.09,3.82,5.3735,253110.29,1880529.735
300999.SZ,20210806,71.5,72.35,70.85,71.09,72.48,-1.39,-1.9178,114085.28,813525.807
300999.SZ,20210805,71.24,74.96,71.01,72.48,72.06,0.42,0.5828,191699.79,1406590.085
300999.SZ,20210804,72.51,72.9,71.52,72.06,73.01,-0.95,-1.3012,119139.81,858415.442
300999.SZ,20210803,71.41,73.58,70.82,73.01,72.58,0.43,0.5924,172187.32,1244093.119
300999.SZ,20210802,67.02,74.4,66.61,72.58,67.7,4.88,7.2083,279668.22,1977144.756
300999.SZ,20210730,69.0,69.0,66.9,67.7,69.36,-1.66,-2.3933,144763.92,977698.394
300999.SZ,20210729,70.11,70.99,68.67,69.36,69.64,-0.28,-0.4021,144089.34,1001597.512
300999.SZ,20210728,68.31,69.92,66.5,69.64,68.65,0.99,1.4421,162274.99,1109664.57
300999.SZ,20210727,72.17,72.68,68.6,68.65,71.88,-3.23,-4.4936,166222.04,1170271.695
300999.SZ,20210726,73.47,73.57,70.0,71.88,73.46,-1.58,-2.1508,171316.45,1224533.718
300999.SZ,20210723,74.81,74.81,72.88,73.46,75.0,-1.54,-2.0533,145357.05,1070949.065
300999.SZ,20210722,75.0,76.8,74.45,75.0,75.98,-0.98,-1.2898,166698.84,1254001.932
300999.SZ,20210721,79.06,80.25,74.35,75.98,79.12,-3.14,-3.9687,308306.36,2369787.712
300999.SZ,20210720,79.68,80.44,79.0,79.12,81.0,-1.88,-2.321,99796.38,792889.942
300999.SZ,20210719,79.91,81.24,78.58,81.0,80.6,0.4,0.4963,105976.5,847311.574
300999.SZ,20210716,82.49,82.85,80.47,80.6,82.99,-2.39,-2.8799,143262.04,1162050.558
300999.SZ,20210715,80.5,83.46,79.68,82.99,80.48,2.51,3.1188,195526.06,1608444.926
300999.SZ,20210714,81.68,81.78,80.2,80.48,82.28,-1.8,-2.1877,107779.55,871253.056
300999.SZ,20210713,82.6,83.37,81.68,82.28,82.58,-0.3,-0.3633,114934.51,948294.868
300999.SZ,20210712,80.1,83.37,79.59,82.58,79.86,2.72,3.406,175964.62,1443334.904
300999.SZ,20210709,79.51,80.19,77.51,79.86,80.28,-0.42,-0.5232,123653.05,975377.236
300999.SZ,20210708,81.21,82.01,80.15,80.28,81.6,-1.32,-1.6176,127461.99,1032684.535
300999.SZ,20210707,79.0,82.82,78.78,81.6,79.5,2.1,2.6415,165245.6,1345401.4
300999.SZ,20210706,80.47,80.86,78.2,79.5,80.47,-0.97,-1.2054,141307.71,1119101.549
300999.SZ,20210705,79.89,81.65,79.33,80.47,80.05,0.42,0.5247,106445.78,857695.516
300999.SZ,20210702,81.3,83.0,80.01,80.05,81.89,-1.84,-2.2469,145376.47,1177169.405
300999.SZ,20210701,84.89,84.9,81.7,81.89,84.96,-3.07,-3.6135,188020.54,1552056.562
300999.SZ,20210630,84.42,85.56,83.85,84.96,84.3,0.66,0.7829,133313.31,1126727.178
300999.SZ,20210629,88.09,88.8,83.84,84.3,88.0,-3.7,-4.2045,225170.19,1927978.692
300999.SZ,20210628,88.22,89.27,87.4,88.0,88.46,-0.46,-0.52,144560.41,1276407.884
300999.SZ,20210625,86.51,88.86,85.31,88.46,86.49,1.97,2.2777,189240.7,1652620.099
300999.SZ,20210624,87.81,88.31,85.73,86.49,88.81,-2.32,-2.6123,150837.16,1308856.673
300999.SZ,20210623,88.19,89.85,86.65,88.81,88.16,0.65,0.7373,182278.01,1610545.976
300999.SZ,20210622,86.6,88.63,86.6,88.16,86.3,1.86,2.1553,182172.53,1600998.937
300999.SZ,20210621,87.0,88.0,85.28,86.3,87.5,-1.2,-1.3714,166578.74,1439280.885
300999.SZ,20210618,88.85,89.28,86.0,87.5,88.52,-1.02,-1.1523,257038.79,2249543.714
300999.SZ,20210617,86.98,89.44,86.68,88.52,86.75,1.77,2.0403,178398.4,1575827.656
300999.SZ,20210616,92.25,92.38,86.17,86.75,92.19,-5.44,-5.9009,275267.73,2431674.695
300999.SZ,20210615,91.51,94.57,90.85,92.19,91.77,0.42,0.4577,186718.05,1729313.051
300999.SZ,20210611,94.13,94.49,90.9,91.77,94.8,-3.03,-3.1962,233109.22,2146152.529
300999.SZ,20210610,92.88,95.99,92.3,94.8,92.55,2.25,2.4311,232577.96,2193886.873
300999.SZ,20210609,91.2,94.33,91.01,92.55,92.02,0.53,0.576,222517.97,2069921.523
300999.SZ,20210608,99.87,99.87,90.25,92.02,99.75,-7.73,-7.7494,430943.26,4116460.833
300999.SZ,20210607,96.17,100.77,95.02,99.75,96.16,3.59,3.7334,313372.58,3090438.301
300999.SZ,20210604,94.97,97.67,94.56,96.16,96.36,-0.2,-0.2076,277191.21,2660841.821
300999.SZ,20210603,90.72,98.5,88.51,96.36,90.72,5.64,6.2169,518180.47,4884786.87
300999.SZ,20210602,91.7,95.0,90.71,90.72,91.4,-0.68,-0.744,316318.37,2943005.498
300999.SZ,20210601,91.5,91.83,89.66,91.4,92.02,-0.62,-0.6738,207112.24,1880214.593
300999.SZ,20210531,91.0,92.2,88.66,92.02,91.19,0.83,0.9102,258952.4,2336377.034
300999.SZ,20210528,91.2,93.14,89.61,91.19,91.85,-0.66,-0.7186,256346.24,2336813.215
300999.SZ,20210527,91.25,92.71,88.88,91.85,90.31,1.54,1.7052,278742.9,2532255.1
300999.SZ,20210526,92.28,96.0,90.01,90.31,92.3,-1.99,-2.156,407010.99,3749958.963
300999.SZ,20210525,90.22,92.66,88.07,92.3,90.01,2.29,2.5442,443968.63,4029453.898
300999.SZ,20210524,79.81,90.18,79.81,90.01,79.82,10.19,12.7662,573827.79,4934991.128
300999.SZ,20210521,81.63,82.19,79.22,79.82,81.41,-1.59,-1.9531,207172.09,1661718.521
300999.SZ,20210520,82.29,83.99,81.37,81.41,82.07,-0.66,-0.8042,227789.33,1880229.175
300999.SZ,20210519,83.0,83.89,81.77,82.07,83.13,-1.06,-1.2751,210574.46,1739377.543
300999.SZ,20210518,81.82,84.13,81.82,83.13,81.35,1.78,2.1881,281845.3,2337657.631
300999.SZ,20210517,79.16,83.6,79.16,81.35,78.97,2.38,3.0138,335902.28,2743408.062
300999.SZ,20210514,74.78,80.0,74.2,78.97,74.2,4.77,6.4286,366069.13,2855894.974
300999.SZ,20210513,75.0,75.6,74.04,74.2,76.2,-2.0,-2.6247,144742.93,1080973.671
300999.SZ,20210512,76.12,76.75,75.11,76.2,76.82,-0.62,-0.8071,146625.14,1114935.765
300999.SZ,20210511,73.5,76.85,73.0,76.82,74.43,2.39,3.2111,197013.48,1486875.759
300999.SZ,20210510,73.8,75.07,72.11,74.43,73.9,0.53,0.7172,129007.44,954397.647
300999.SZ,20210507,74.2,76.35,73.88,73.9,74.65,-0.75,-1.0047,157578.77,1178854.409
300999.SZ,20210506,77.73,78.0,74.0,74.65,78.58,-3.93,-5.0013,239833.43,1815851.924
300999.SZ,20210430,81.5,82.6,78.15,78.58,78.93,-0.35,-0.4434,291842.8,2339137.282
300999.SZ,20210429,78.75,80.8,77.3,79.04,78.5,0.54,0.6879,239785.54,1893107.704
300999.SZ,20210428,75.0,78.83,74.15,78.5,75.3,3.2,4.2497,246502.03,1904982.381
300999.SZ,20210427,75.01,76.33,73.66,75.3,75.5,-0.2,-0.2649,167289.4,1257861.864
300999.SZ,20210426,78.31,79.28,75.42,75.5,78.92,-3.42,-4.3335,275744.88,2125349.524
300999.SZ,20210423,76.9,81.3,76.51,78.92,77.12,1.8,2.334,342271.66,2704821.693
300999.SZ,20210422,76.0,77.7,74.8,77.12,75.84,1.28,1.6878,218269.63,1667106.775
300999.SZ,20210421,73.72,76.49,73.41,75.84,74.42,1.42,1.9081,207507.36,1561009.69
300999.SZ,20210420,74.26,76.75,73.68,74.42,74.84,-0.42,-0.5612,244378.6,1833550.509
300999.SZ,20210419,72.39,74.84,71.42,74.84,72.2,2.64,3.6565,224516.67,1654047.768
300999.SZ,20210416,71.76,72.47,70.07,72.2,72.24,-0.04,-0.0554,200631.9,1429390.269
300999.SZ,20210415,72.86,75.5,71.45,72.24,74.16,-1.92,-2.589,275262.04,1995576.099
300999.SZ,20210414,74.43,74.7,73.18,74.16,73.97,0.19,0.2569,139288.91,1031311.69
300999.SZ,20210413,74.55,76.6,72.8,73.97,74.55,-0.58,-0.778,161795.83,1211446.526
300999.SZ,20210412,78.0,78.0,74.53,74.55,79.24,-4.69,-5.9187,230022.3,1746497.073
300999.SZ,20210409,81.3,81.46,79.24,79.24,82.41,-3.17,-3.8466,198467.74,1586485.087
300999.SZ,20210408,80.38,83.8,79.42,82.41,80.46,1.95,2.4236,240041.0,1965204.74
300999.SZ,20210407,81.35,81.55,79.37,80.46,81.21,-0.75,-0.9235,153411.66,1233103.799
300999.SZ,20210406,82.79,82.79,79.83,81.21,82.8,-1.59,-1.9203,207670.69,1679878.934
300999.SZ,20210402,78.21,84.8,78.15,82.8,78.21,4.59,5.8688,357717.25,2936607.851
300999.SZ,20210401,77.8,78.73,76.2,78.21,77.48,0.73,0.9422,164406.78,1278436.848
300999.SZ,20210331,81.58,81.58,77.0,77.48,81.6,-4.12,-5.049,242375.73,1896440.977
300999.SZ,20210330,78.36,82.77,78.03,81.6,78.52,3.08,3.9226,258790.9,2093755.851
300999.SZ,20210329,77.89,80.6,77.58,78.52,78.08,0.44,0.5635,196496.75,1552369.929
300999.SZ,20210326,75.59,78.69,75.48,78.08,75.12,2.96,3.9404,239677.51,1854924.744
300999.SZ,20210325,74.0,76.38,73.14,75.12,75.12,0.0,0.0,168163.84,1262996.336
300999.SZ,20210324,78.0,78.27,74.88,75.12,80.09,-4.97,-6.2055,265420.14,2019592.289
300999.SZ,20210323,78.78,81.05,78.03,80.09,78.55,1.54,1.9605,222841.0,1770761.468
300999.SZ,20210322,78.4,79.36,77.51,78.55,77.92,0.63,0.8085,131951.37,1034098.74
300999.SZ,20210319,79.0,80.48,77.91,77.92,80.95,-3.03,-3.7431,197183.97,1553985.421
300999.SZ,20210318,80.71,82.71,80.5,80.95,80.51,0.44,0.5465,172443.97,1403410.175
300999.SZ,20210317,81.75,82.17,79.0,80.51,81.75,-1.24,-1.5168,157121.46,1268240.511
300999.SZ,20210316,81.2,83.3,80.08,81.75,80.29,1.46,1.8184,173034.4,1413773.261
300999.SZ,20210315,82.39,82.49,79.72,80.29,83.57,-3.28,-3.9249,180312.03,1458942.633
300999.SZ,20210312,85.18,85.77,80.87,83.57,84.78,-1.21,-1.4272,253524.39,2103963.44
300999.SZ,20210311,80.2,87.36,79.18,84.78,80.35,4.43,5.5134,350983.69,2950897.296
300999.SZ,20210310,79.59,81.39,78.88,80.35,77.29,3.06,3.9591,280380.7,2246361.028
300999.SZ,20210309,79.2,80.7,74.82,77.29,78.95,-1.66,-2.1026,325199.61,2532574.835
300999.SZ,20210308,85.81,87.23,78.9,78.95,85.62,-6.67,-7.7902,345176.45,2843275.365
300999.SZ,20210305,83.5,87.57,82.66,85.62,85.93,-0.31,-0.3608,233829.01,1999418.123
300999.SZ,20210304,91.0,91.39,85.77,85.93,92.84,-6.91,-7.4429,309390.63,2717388.147
300999.SZ,20210303,88.5,93.1,87.6,92.84,89.09,3.75,4.2092,271326.19,2449173.599
300999.SZ,20210302,92.17,93.31,88.6,89.09,92.17,-3.08,-3.3417,235423.48,2135346.764
300999.SZ,20210301,91.0,93.4,88.58,92.17,89.5,2.67,2.9832,294619.44,2697679.385
300999.SZ,20210226,89.0,89.65,86.0,89.5,90.9,-1.4,-1.5402,357425.75,3140509.696
300999.SZ,20210225,95.32,96.3,90.3,90.9,93.6,-2.7,-2.8846,287280.74,2641090.849
300999.SZ,20210224,101.15,101.8,91.8,93.6,99.48,-5.88,-5.9107,431189.96,4114684.446
300999.SZ,20210223,95.24,104.2,95.24,99.48,109.92,-10.44,-9.4978,460373.62,4610512.326
300999.SZ,20210222,116.0,116.0,109.66,109.92,115.99,-6.07,-5.2332,299432.71,3340596.533
300999.SZ,20210219,114.0,116.7,111.14,115.99,117.06,-1.07,-0.9141,266722.7,3039610.233
300999.SZ,20210218,127.01,128.99,116.48,117.06,123.0,-5.94,-4.8293,381024.2,4579309.169
300999.SZ,20210210,122.89,124.25,119.3,123.0,122.26,0.74,0.6053,346215.95,4231146.877
300999.SZ,20210209,110.98,122.26,110.0,122.26,109.15,13.11,12.011,439047.0,5155902.182
300999.SZ,20210208,112.8,114.99,106.58,109.15,113.7,-4.55,-4.0018,400204.18,4391772.809
300999.SZ,20210205,116.24,119.56,113.7,113.7,115.78,-2.08,-1.7965,308085.31,3581348.947
300999.SZ,20210204,118.0,120.3,114.44,115.78,121.16,-5.38,-4.4404,374735.95,4371771.332
300999.SZ,20210203,126.08,127.4,120.6,121.16,127.52,-6.36,-4.9875,385791.58,4753021.5
300999.SZ,20210202,122.41,128.78,119.8,127.52,121.4,6.12,5.0412,418636.06,5226654.43
300999.SZ,20210201,121.51,123.98,119.0,121.4,121.92,-0.52,-0.4265,237192.05,2875864.034
300999.SZ,20210129,122.22,124.78,117.7,121.92,119.4,2.52,2.1106,357681.97,4338697.85
300999.SZ,20210128,127.7,128.7,119.38,119.4,130.83,-11.43,-8.7365,499821.58,6139021.353
300999.SZ,20210127,129.0,134.88,128.05,130.83,130.86,-0.03,-0.0229,355211.23,4679387.006
300999.SZ,20210126,141.08,142.67,130.86,130.86,141.25,-10.39,-7.3558,508595.36,6868118.603
300999.SZ,20210125,132.11,142.77,128.34,141.25,131.99,9.26,7.0157,621154.48,8527738.287
300999.SZ,20210122,137.74,139.24,129.8,131.99,137.31,-5.32,-3.8744,479727.92,6384632.274
300999.SZ,20210121,137.55,142.5,133.5,137.31,136.85,0.46,0.3361,536208.4,7368666.103
300999.SZ,20210120,124.5,138.07,124.01,136.85,125.48,11.37,9.0612,595318.73,7872216.192
300999.SZ,20210119,117.25,129.48,117.22,125.48,118.01,7.47,6.33,581488.86,7240196.013
300999.SZ,20210118,117.06,121.25,116.5,118.01,119.02,-1.01,-0.8486,317714.71,3770505.052
300999.SZ,20210115,116.4,120.51,114.1,119.02,117.29,1.73,1.475,435039.36,5126873.858
300999.SZ,20210114,116.5,120.8,111.48,117.29,119.9,-2.61,-2.1768,545048.89,6330002.607
300999.SZ,20210113,128.11,130.39,119.0,119.9,129.8,-9.9,-7.6271,725393.21,8956760.896
300999.SZ,20210112,126.6,135.02,120.0,129.8,128.61,1.19,0.9253,679608.99,8651139.157
300999.SZ,20210111,143.2,145.62,124.6,128.61,145.0,-16.39,-11.3034,858156.11,11593437.644
300999.SZ,20210108,138.99,145.4,135.2,145.0,139.13,5.87,4.2191,583449.26,8249016.357
300999.SZ,20210107,127.31,139.78,125.66,139.13,127.8,11.33,8.8654,648464.65,8586199.547
300999.SZ,20210106,120.0,127.8,118.95,127.8,122.0,5.8,4.7541,594303.97,7344849.886
300999.SZ,20210105,124.75,139.9,116.8,122.0,124.14,-2.14,-1.7239,941098.99,11946155.025
300999.SZ,20210104,108.33,125.66,106.55,124.14,108.32,15.82,14.6049,533779.11,6260150.67
300999.SZ,20201231,107.01,109.6,104.55,108.32,104.98,3.34,3.1816,407249.52,4373917.399
300999.SZ,20201230,98.1,107.77,97.07,104.98,97.98,7.0,7.1443,535306.27,5567718.388
300999.SZ,20201229,98.78,101.1,95.06,97.98,99.02,-1.04,-1.0503,544301.48,5359782.089
300999.SZ,20201228,88.9,99.27,88.9,99.02,88.8,10.22,11.509,558551.65,5209538.964
300999.SZ,20201225,88.0,90.36,85.33,88.8,88.7,0.1,0.1127,438583.13,3874489.246
300999.SZ,20201224,91.81,94.2,88.0,88.7,92.9,-4.2,-4.521,544443.06,4908742.38
300999.SZ,20201223,90.7,95.57,89.0,92.9,90.2,2.7,2.9933,561484.85,5194531.44
300999.SZ,20201222,89.5,96.3,87.54,90.2,90.25,-0.05,-0.0554,674068.62,6155929.53
300999.SZ,20201221,82.8,91.19,82.18,90.25,83.29,6.96,8.3563,538233.37,4694259.468
300999.SZ,20201218,80.99,84.19,79.39,83.29,81.68,1.61,1.9711,490517.68,4001795.553
300999.SZ,20201217,81.0,84.6,79.61,81.68,81.02,0.66,0.8146,593071.08,4854465.807
300999.SZ,20201216,75.52,82.85,75.52,81.02,75.89,5.13,6.7598,651855.15,5194867.304
300999.SZ,20201215,75.38,76.88,74.79,75.89,75.51,0.38,0.5032,465496.78,3527665.724
300999.SZ,20201214,69.39,75.78,68.62,75.51,69.0,6.51,9.4348,686670.47,4988794.901
300999.SZ,20201211,68.42,69.66,66.66,69.0,68.34,0.66,0.9658,409636.42,2788877.495
300999.SZ,20201210,68.51,69.69,67.6,68.34,69.05,-0.71,-1.0282,295095.4,2024284.967
300999.SZ,20201209,71.61,72.2,67.95,69.05,71.83,-2.78,-3.8702,473856.84,3311851.732
300999.SZ,20201208,71.59,72.75,70.8,71.83,71.67,0.16,0.2232,318532.64,2281017.614
300999.SZ,20201207,70.68,73.5,70.35,71.67,70.97,0.7,0.9863,416521.08,3001513.79
300999.SZ,20201204,68.46,72.0,68.11,70.97,68.92,2.05,2.9745,466488.58,3298839.968
300999.SZ,20201203,70.0,70.0,68.01,68.92,70.6,-1.68,-2.3796,369938.56,2548807.896
300999.SZ,20201202,70.2,72.8,70.1,70.6,69.71,0.89,1.2767,552785.08,3952205.112
300999.SZ,20201201,69.3,70.14,68.4,69.71,69.77,-0.06,-0.086,375576.27,2601456.074
300999.SZ,20201130,67.33,70.23,66.3,69.77,66.74,3.03,4.54,590510.33,4070191.67
300999.SZ,20201127,68.17,68.99,65.95,66.74,68.87,-2.13,-3.0928,453471.17,3044225.436
300999.SZ,20201126,67.53,70.29,67.5,68.87,67.68,1.19,1.7583,436640.27,3007982.525
300999.SZ,20201125,69.99,70.44,66.66,67.68,69.62,-1.94,-2.7866,510770.4,3476569.378
300999.SZ,20201124,71.77,72.49,67.99,69.62,72.66,-3.04,-4.1839,651254.35,4558348.585
300999.SZ,20201123,72.2,73.36,70.11,72.66,72.39,0.27,0.373,583552.31,4190538.938
300999.SZ,20201120,68.02,73.29,68.02,72.39,68.01,4.38,6.4402,772978.6,5516176.419
300999.SZ,20201119,74.2,74.58,67.53,68.01,73.72,-5.71,-7.7455,934250.84,6540468.54
300999.SZ,20201118,73.85,75.28,72.31,73.72,74.07,-0.35,-0.4725,540116.67,3972815.727
300999.SZ,20201117,71.42,75.96,70.57,74.07,72.16,1.91,2.6469,913802.4,6697040.486
300999.SZ,20201116,66.48,72.9,64.66,72.16,64.51,7.65,11.8586,938999.77,6491561.138
300999.SZ,20201113,64.58,66.99,63.4,64.51,65.69,-1.18,-1.7963,811762.23,5290888.703
300999.SZ,20201112,60.3,66.66,58.9,65.69,60.18,5.51,9.1559,1033246.22,6445766.525
300999.SZ,20201111,62.66,66.55,59.13,60.18,63.69,-3.51,-5.5111,1082398.03,6910152.189
300999.SZ,20201110,61.66,65.89,60.23,63.69,61.66,2.03,3.2922,937080.96,5945302.193
300999.SZ,20201109,61.0,64.64,58.58,61.66,60.9,0.76,1.2479,1106055.81,6764569.215
300999.SZ,20201106,53.9,61.5,53.48,60.9,53.9,7.0,12.987,1099244.53,6256618.071
300999.SZ,20201105,53.4,56.66,52.25,53.9,53.74,0.16,0.2977,979700.02,5300962.056
300999.SZ,20201104,51.8,54.28,51.05,53.74,51.16,2.58,5.043,928608.7,4897242.986
300999.SZ,20201103,51.28,54.41,50.45,51.16,51.65,-0.49,-0.9487,1066814.3,5573436.766
300999.SZ,20201102,48.0,52.37,47.0,51.65,45.99,5.66,12.307,1191536.57,5887609.045
300999.SZ,20201030,44.63,47.88,44.63,45.99,44.47,1.52,3.418,764672.65,3533501.628
300999.SZ,20201029,44.31,45.17,44.06,44.47,45.3,-0.83,-1.8322,417072.92,1860893.204
300999.SZ,20201028,44.3,45.5,43.85,45.3,44.53,0.77,1.7292,528241.62,2367255.009
300999.SZ,20201027,46.05,46.3,43.72,44.53,46.39,-1.86,-4.0095,723613.23,3242064.592
300999.SZ,20201026,47.35,47.48,45.85,46.39,47.9,-1.51,-3.1524,517569.98,2410431.728
300999.SZ,20201023,49.23,49.48,47.35,47.9,48.65,-0.75,-1.5416,743954.57,3592974.123
300999.SZ,20201022,46.81,49.87,46.52,48.65,47.5,1.15,2.4211,866630.9,4198742.991
300999.SZ,20201021,47.0,50.14,45.9,47.5,47.9,-0.4,-0.8351,1152435.44,5539716.587
300999.SZ,20201020,45.4,49.2,45.4,47.9,45.2,2.7,5.9735,1081707.12,5132022.143
300999.SZ,20201019,47.0,47.5,44.89,45.2,49.01,-3.81,-7.7739,1147845.03,5269685.6
300999.SZ,20201016,49.0,55.87,48.01,49.01,56.0,-6.99,-12.4821,1825767.47,9291297.96
300999.SZ,20201015,48.96,62.65,39.51,56.0,25.7,30.3,117.8988,2540374.94,11216271.382
